"";"CD_MUNICIPIO";"NM_MUNICIPIO";"12";"13";"15";"16";"17";"18";"19";"27";"30";"45";"50";"51";"54";"95";"96"
"1";61000;"EUCLIDES DA CUNHA PAULISTA";276;2458;37;2;1322;18;44;1;52;409;16;36;1;102;279
"2";61018;"ADAMANTINA";1075;1741;141;5;13175;83;116;9;529;1788;36;84;4;789;1016
"3";61026;"BOREBI";75;380;27;0;863;7;9;0;23;230;7;28;0;42;73
"4";61034;"ADOLFO";125;443;45;0;1628;5;32;4;82;368;5;14;2;102;184
"5";61042;"TARUMÃ";566;1352;48;3;4798;39;168;3;230;846;19;82;5;223;443
"6";61050;"AGUAÍ";1113;2283;215;4;8604;111;74;9;521;2483;64;170;2;798;1239
"7";61069;"MOTUCA";127;748;16;3;1215;16;4;2;99;235;13;31;0;74;151
"8";61077;"ÁGUAS DA PRATA";289;539;38;1;2562;26;31;1;164;661;26;27;1;159;275
"9";61085;"IARAS";193;1157;24;2;1059;21;26;3;40;231;11;16;1;86;170
"10";61093;"ÁGUAS DE LINDÓIA";648;766;46;0;7014;68;85;2;478;1012;25;37;2;264;641
"11";61107;"GUATAPARÁ";198;1124;53;3;1720;19;8;0;86;541;13;12;1;166;215
"12";61115;"ÁGUAS DE SÃO PEDRO";265;283;11;0;1782;24;22;1;126;249;14;4;2;35;78
"13";61123;"DIRCE REIS";62;334;20;1;447;1;9;0;43;203;2;4;0;37;70
"14";61131;"AGUDOS";1449;2471;350;4;13281;158;148;11;784;1861;80;253;5;846;1354
"15";61140;"ESPÍRITO SANTO DO TURVO";110;609;28;0;1165;17;14;0;39;263;7;37;2;70;113
"16";61158;"ALFREDO MARCONDES";154;619;26;0;1599;6;8;1;58;276;9;21;0;87;147
"17";61166;"ROSANA";775;3412;76;2;3947;45;92;3;204;732;42;88;3;228;560
"18";61174;"ALTAIR";90;647;16;2;1023;3;9;0;73;303;3;11;0;70;139
"19";61182;"EMBAÚBA";123;277;11;0;1024;8;11;0;39;194;3;6;0;49;95
"20";61190;"ALTINÓPOLIS";731;1464;101;1;4179;69;39;6;200;1393;60;56;3;455;639
"21";61204;"ILHA SOLTEIRA";1749;2125;142;3;7306;163;137;5;508;929;98;149;11;389;1037
"22";61212;"ALTO ALEGRE";115;339;35;2;1666;10;22;0;42;269;4;13;2;90;170
"23";61220;"ALUMÍNIO";994;1650;147;4;5176;148;63;4;432;1222;59;94;1;337;790
"24";61239;"ÁLVARES FLORENCE";146;390;29;0;1661;8;5;0;50;397;8;6;2;103;165
"25";61247;"PEDRINHAS PAULISTA";180;256;17;1;1253;5;42;0;64;266;4;6;0;43;83
"26";61255;"ÁLVARES MACHADO";869;2142;117;4;7194;77;100;8;280;1513;29;103;3;486;792
"27";61263;"ARAÇARIGUAMA";855;1922;120;2;5825;119;80;8;286;1257;55;118;3;417;705
"28";61271;"ÁLVARO DE CARVALHO";103;463;29;2;1090;13;6;0;15;266;6;21;0;96;182
"29";61280;"BERTIOGA";2455;5422;259;13;15804;351;148;19;822;2451;154;580;20;881;1733
"30";61298;"ALVINLÂNDIA";109;528;19;0;1023;7;20;0;24;156;3;23;1;57;94
"31";61301;"SUZANÁPOLIS";209;612;29;1;850;6;7;1;15;263;6;33;0;68;178
"32";61310;"AMERICANA";13766;12963;1003;39;83563;1096;1133;76;7802;6929;598;965;29;3482;7563
"33";61328;"SANTO ANTÔNIO DO ARACANGUÁ";184;1332;33;2;2704;7;27;3;96;488;11;29;0;71;172
"34";61336;"AMÉRICO BRASILIENSE";2087;4896;186;3;8487;151;90;9;575;1637;91;209;5;734;2027
"35";61344;"CANITAR";175;531;16;0;1283;6;19;2;27;438;5;25;2;104;175
"36";61352;"AMÉRICO DE CAMPOS";252;509;21;1;2257;10;12;0;77;439;4;15;1;110;217
"37";61360;"BARRA DO CHAPÉU";55;1392;36;2;876;8;25;2;9;803;4;4;1;121;189
"38";61379;"AMPARO";3113;3005;518;17;24111;253;256;42;1669;4374;201;137;9;1292;2303
"39";61387;"EMILIANÓPOLIS";81;679;18;0;907;3;6;0;44;133;4;8;0;63;109
"40";61395;"ANALÂNDIA";193;200;71;0;1763;17;11;0;105;395;7;8;0;88;155
"41";61409;"NOVAIS";89;507;14;0;1417;5;12;1;79;319;1;13;0;80;252
"42";61417;"ANDRADINA";2014;5269;247;10;17868;247;256;24;809;2762;96;415;6;1179;1712
"43";61425;"NOVA CANAÃ PAULISTA";91;332;15;1;645;5;9;1;33;177;2;14;0;50;109
"44";61433;"ANGATUBA";804;2692;167;4;6279;89;56;10;500;1613;47;77;5;440;905
"45";61441;"SALTINHO";332;187;21;1;3976;23;30;8;163;373;12;19;2;133;149
"46";61450;"ANHEMBI";168;497;47;0;2128;6;38;2;76;583;12;14;2;115;189
"47";61468;"UBARANA";172;681;38;1;1533;9;15;2;48;431;3;46;2;83;230
"48";61476;"ANHUMAS";91;506;21;1;1505;9;23;0;82;197;10;9;0;66;119
"49";61484;"CAJATI";622;2456;136;4;9723;86;79;7;291;2007;31;150;7;539;798
"50";61492;"APARECIDA";1969;1796;198;6;13302;161;152;10;908;3033;109;148;8;561;727
"51";61506;"CAMPINA DO MONTE ALEGRE";182;640;28;0;1941;8;14;1;59;488;16;9;1;113;192
"52";61514;"APARECIDA D'OESTE";153;797;20;0;1229;9;20;1;62;337;8;48;4;62;207
"53";61522;"ASPÁSIA";111;332;9;2;629;1;12;0;30;167;1;8;0;22;88
"54";61530;"APIAÍ";651;3587;129;3;5405;76;79;6;244;3060;51;80;8;469;789
"55";61549;"VARGEM";191;454;35;0;3043;20;25;5;135;679;11;28;4;223;336
"56";61557;"ARAÇATUBA";6960;10823;1044;43;69755;773;780;51;3346;8779;357;694;14;2671;4724
"57";61565;"POTIM";730;1041;96;1;5148;59;38;8;255;1595;31;67;1;269;336
"58";61573;"ARAÇOIABA DA SERRA";1359;1962;178;5;10431;163;113;4;527;2795;102;95;8;721;1183
"59";61581;"ALAMBARI";158;389;56;1;1942;14;9;1;61;640;11;21;1;114;156
"60";61590;"ARAMINA";263;809;24;0;1441;11;10;1;169;308;9;11;1;117;237
"61";61603;"ITAOCA";89;701;12;0;537;6;22;0;26;582;3;5;0;72;113
"62";61611;"ARANDU";204;658;33;2;2112;22;26;1;65;890;13;20;1;233;258
"63";61620;"TUIUTI";148;337;53;0;2572;27;20;1;76;535;13;16;0;128;266
"64";61638;"ARARAQUARA";17917;18967;1329;60;58448;1197;727;51;5507;7048;884;1112;73;4109;9662
"65";61646;"ARAPEÍ";124;321;16;2;737;9;4;2;9;522;4;14;0;36;91
"66";61654;"ARARAS";6227;6221;636;24;45057;593;438;26;3345;6015;383;516;34;3067;4819
"67";61662;"ESTIVA GERBI";372;835;106;3;3999;26;28;3;179;621;21;68;0;229;409
"68";61670;"AREALVA";368;518;39;1;2695;13;17;5;98;612;9;10;2;182;306
"69";61689;"ENGENHEIRO COELHO";583;2169;120;3;6152;120;40;1;355;572;18;84;1;249;519
"70";61697;"AREIAS";199;694;25;1;716;12;3;0;57;537;15;26;2;51;151
"71";61700;"RIBEIRÃO GRANDE";252;1342;58;4;1822;24;8;4;173;1015;9;18;4;239;214
"72";61719;"AREIÓPOLIS";333;1171;46;1;3117;27;44;2;219;737;13;81;1;343;475
"73";61727;"HORTOLÂNDIA";10161;25130;1097;57;58941;1102;890;84;3578;4877;674;1566;16;3618;7619
"74";61735;"ARIRANHA";348;655;37;0;3016;12;23;1;207;653;12;46;1;199;362
"75";61743;"HOLAMBRA";519;889;63;1;4878;43;87;3;467;926;24;23;1;284;394
"76";61751;"ARTUR NOGUEIRA";1949;3835;271;6;15497;208;225;19;1043;1976;85;240;14;1081;1922
"77";61760;"ELISIÁRIO";76;302;28;1;1393;3;23;2;45;224;4;11;1;76;133
"78";61778;"ARUJÁ";4941;7979;691;19;26052;627;369;26;1699;4301;304;673;18;1722;3735
"79";61786;"BOM SUCESSO DE ITARARÉ";89;829;14;0;786;7;30;2;25;479;5;10;2;53;70
"80";61794;"ASSIS";5094;6425;418;20;30347;370;646;34;1981;3504;179;391;10;1569;2482
"81";61808;"PONTALINDA";89;700;22;1;1011;5;5;1;39;249;4;7;0;74;175
"82";61816;"ATIBAIA";6916;6123;716;25;44826;811;579;55;4467;9762;419;387;14;2803;4600
"83";61824;"PARISI";87;261;14;0;1106;2;8;0;16;225;8;2;0;54;97
"84";61832;"AURIFLAMA";434;1530;59;4;4796;26;45;4;255;734;26;34;0;232;465
"85";61840;"TAQUARIVAÍ";124;447;31;0;1586;12;17;5;42;1135;10;20;4;102;153
"86";61859;"AVAÍ";155;779;24;0;1397;15;11;2;35;417;17;27;1;88;139
"87";61867;"MARAPOAMA";82;163;12;0;1325;2;6;3;55;258;4;2;0;50;119
"88";61875;"AVANHANDAVA";244;1286;43;1;2876;32;26;0;172;602;16;147;0;218;303
"89";61883;"SÃO JOÃO DE IRACEMA";100;349;14;0;454;8;3;1;60;164;1;8;0;20;78
"90";61891;"AVARÉ";3781;3752;672;10;26571;387;346;21;1510;6602;168;227;11;1865;3049
"91";61905;"SÃO LOURENÇO DA SERRA";729;1574;110;0;3801;76;67;1;290;1250;69;74;0;367;659
"92";61913;"BADY BASSITT";641;885;76;0;6015;41;35;3;357;809;39;46;1;240;554
"93";61921;"ZACARIAS";46;327;26;1;1033;5;9;0;29;167;3;11;2;33;138
"94";61930;"BALBINOS";38;129;18;0;641;2;8;0;19;145;2;1;0;43;54
"95";61948;"ITAPIRAPUÃ PAULISTA";66;924;5;0;746;1;12;1;13;394;3;25;2;117;139
"96";61956;"BÁLSAMO";323;444;43;0;3374;18;49;1;204;789;13;44;1;172;275
"97";61964;"MESÓPOLIS";43;308;12;0;588;5;1;0;33;207;6;3;0;41;49
"98";61972;"BANANAL";600;1058;30;1;2364;38;16;4;79;1632;12;73;2;178;460
"99";61980;"NOVA CAMPINA";127;1479;43;0;2176;22;14;1;50;1189;15;32;0;127;154
"100";61999;"BARBOSA";179;710;37;1;1765;22;11;1;57;731;6;25;1;74;256
"101";62006;"ILHA COMPRIDA";457;1194;77;3;3763;69;45;2;111;1093;43;60;2;195;493
"102";62014;"BARÃO DE ANTONINA";151;430;8;0;745;4;42;0;40;388;17;1;0;73;102
"103";62022;"LOURDES";42;342;12;0;714;7;10;0;83;156;7;15;1;32;50
"104";62030;"BARIRI";1292;1138;266;3;11426;74;82;4;579;1859;39;66;2;783;989
"105";62049;"TORRE DE PEDRA";144;172;19;0;1027;14;9;1;16;213;2;11;0;48;123
"106";62057;"BARRA BONITA";2048;2066;319;6;13282;173;133;12;1248;1850;117;96;2;725;1398
"107";62065;"ARCO-ÍRIS";59;288;6;1;856;13;14;1;35;212;7;6;0;38;65
"108";62073;"BARRA DO TURVO";155;1626;39;3;1383;13;39;3;34;614;6;26;1;87;173
"109";62081;"BREJO ALEGRE";121;708;11;2;756;6;5;0;23;193;2;23;0;57;135
"110";62090;"BARRETOS";4525;7327;652;26;34374;486;324;16;2389;5855;257;408;13;2099;3273
"111";62103;"CANAS";153;324;43;0;1467;15;15;1;53;759;2;19;2;84;127
"112";62111;"BARRINHA";977;4547;261;4;8024;118;65;6;494;904;52;397;2;717;1157
"113";62120;"PRACINHA";39;241;5;0;480;1;8;0;9;139;0;6;0;37;61
"114";62138;"BARUERI";23663;35483;1985;74;87488;2297;1120;145;8627;16596;1312;2916;38;6377;13538
"115";62146;"PRATÂNIA";187;621;30;2;1518;11;19;2;92;442;3;22;0;185;182
"116";62154;"BASTOS";470;1084;85;4;8143;88;81;3;293;1752;31;73;2;518;648
"117";62162;"QUADRA";164;296;15;1;1083;10;14;1;41;505;7;9;0;89;95
"118";62170;"BATATAIS";3533;3962;401;14;16003;264;179;6;1418;3709;185;179;7;1186;1909
"119";62189;"SANTA CRUZ DA ESPERANÇA";79;159;18;1;774;7;7;0;35;294;2;21;1;41;114
"120";62197;"BAURU";21764;21762;2417;91;112237;2422;1784;104;8028;17903;1227;2279;55;7186;11195
"121";62200;"SANTA SALETE";61;230;15;0;824;3;8;0;50;117;7;3;0;44;65
"122";62219;"BEBEDOURO";2684;3670;360;9;25200;305;199;16;1485;5093;129;286;8;1417;1983
"123";62227;"VITÓRIA BRASIL";33;283;15;0;628;2;2;0;57;145;1;3;0;59;61
"124";62235;"BENTO DE ABREU";88;264;12;1;850;8;5;0;29;159;3;26;0;44;103
"125";62243;"IPIGUÁ";121;363;25;1;1763;15;9;3;71;443;2;18;0;91;121
"126";62251;"BERNARDINO DE CAMPOS";372;702;48;2;3539;26;22;7;173;800;36;40;2;224;366
"127";62260;"TAQUARAL";150;256;44;0;893;5;9;1;45;177;1;7;0;79;94
"128";62278;"BILAC";248;469;24;2;3269;7;41;3;138;464;7;24;1;108;235
"129";62286;"FERNÃO";45;116;9;0;598;2;4;0;18;291;5;1;1;30;55
"130";62294;"BIRIGUI";3528;5702;493;12;44109;333;466;33;1659;4719;188;465;14;2139;4115
"131";62308;"GAVIÃO PEIXOTO";275;915;28;1;1179;12;22;0;60;275;10;41;0;116;209
"132";62316;"BIRITIBA MIRIM";1109;1591;229;5;8651;127;108;15;446;3158;81;249;19;941;1310
"133";62324;"JUMIRIM";74;205;8;0;1038;5;12;0;44;280;1;8;1;50;61
"134";62332;"BOA ESPERANÇA DO SUL";726;2079;86;6;2844;40;22;1;91;755;21;85;2;367;578
"135";62340;"NANTES";102;540;13;0;719;6;19;0;12;207;0;13;0;33;49
"136";62359;"BOCAINA";380;590;76;1;3951;57;40;2;206;912;11;28;5;278;456
"137";62367;"NOVA CASTILHO";54;141;5;0;545;1;5;1;15;118;0;5;0;23;36
"138";62375;"BOFETE";307;755;50;1;3013;26;40;0;75;735;11;35;2;215;409
"139";62383;"OUROESTE";307;1313;18;1;2619;19;23;2;277;459;13;22;0;123;421
"140";62391;"BOITUVA";2298;3394;253;8;18289;292;267;13;979;2983;107;190;6;1074;2130
"141";62405;"PAULISTÂNIA";50;136;49;1;748;6;11;0;13;213;5;8;1;50;57
"142";62413;"BOM JESUS DOS PERDÕES";919;1398;158;1;6899;97;95;5;499;1541;39;115;0;447;807
"143";62421;"RIBEIRÃO DOS ÍNDIOS";112;409;14;0;506;5;8;0;36;164;1;9;1;60;136
"144";62430;"BORÁ";31;159;5;0;409;1;18;0;14;117;0;11;0;27;47
"145";62448;"TRABIJU";99;239;27;0;490;1;3;1;13;303;2;8;0;40;59
"146";62456;"BORACÉIA";137;386;17;0;1500;12;8;2;86;475;2;14;1;108;160
"147";62472;"BORBOREMA";463;689;37;0;4807;18;56;4;262;1055;17;50;2;232;545
"148";62499;"BOTUCATU";9036;7485;823;39;42056;762;579;42;3312;9171;413;586;25;2618;5685
"149";62510;"BRAGANÇA PAULISTA";7993;6047;957;25;53920;703;502;39;5140;12409;466;537;16;3314;5411
"150";62553;"BRAÚNA";126;434;34;1;2179;7;16;5;44;309;14;13;0;72;113
"151";62570;"BRODOWSKI";1022;1000;131;0;7856;54;52;11;368;1091;32;64;3;400;676
"152";62596;"BROTAS";987;947;128;3;7860;79;66;10;457;1330;39;89;3;524;760
"153";62618;"BURI";281;1969;128;1;6181;52;120;3;125;1859;18;48;3;455;442
"154";62634;"BURITAMA";364;1562;50;2;5409;22;61;4;321;998;10;42;2;281;537
"155";62650;"BURITIZAL";156;340;29;0;1776;5;17;4;112;281;6;5;0;52;138
"156";62677;"CABRÁLIA PAULISTA";256;618;17;2;1138;17;19;0;22;297;8;57;2;99;127
"157";62693;"CABREÚVA";1692;3149;278;3;14412;160;217;22;691;2298;80;293;4;1141;1910
"158";62715;"CAÇAPAVA";3902;3675;476;35;31603;438;499;26;2653;7386;275;427;12;1723;2761
"159";62731;"CACHOEIRA PAULISTA";1531;2354;289;6;10069;158;153;13;641;2212;97;189;9;587;912
"160";62758;"CACONDE";673;1799;114;5;4794;32;45;3;324;1642;42;32;4;336;617
"161";62774;"CAFELÂNDIA";443;1073;100;5;5380;51;40;6;301;1274;26;75;1;402;456
"162";62790;"CAIABU";171;801;27;0;1047;4;15;3;40;391;9;9;0;88;135
"163";62812;"CAIEIRAS";6142;8638;601;19;24223;651;333;34;1924;3805;472;661;21;1987;4477
"164";62839;"CAIUÁ";189;1026;16;0;978;10;17;0;16;295;7;41;0;59;168
"165";62855;"CAJAMAR";4779;9196;555;16;21840;532;285;36;1809;3821;297;577;9;1826;3521
"166";62871;"CAJOBI";387;950;33;2;3341;15;31;0;199;514;11;28;3;163;335
"167";62898;"CAJURU";1083;2037;180;3;5906;60;60;2;516;1904;47;113;6;579;1136
"168";62910;"CAMPINAS";77003;95083;5816;392;336703;7063;4066;364;32044;33406;5477;5748;219;18804;39149
"169";62936;"CAMPO LIMPO PAULISTA";3426;7145;561;31;24071;429;263;36;1884;3504;271;473;11;1509;3541
"170";62952;"CAMPOS DO JORDÃO";1769;1980;257;8;13205;141;173;10;1340;6023;118;214;9;1120;1542
"171";62979;"CAMPOS NOVOS PAULISTA";114;566;49;0;1518;7;19;0;29;251;4;12;1;85;137
"172";62995;"CANANÉIA";507;996;57;1;3371;56;72;2;116;1034;58;70;2;219;380
"173";63010;"CÂNDIDO MOTA";1122;1905;152;2;10747;86;241;5;533;2117;46;116;1;683;984
"174";63037;"CÂNDIDO RODRIGUES";139;278;11;1;991;6;12;0;33;167;5;15;0;104;139
"175";63053;"CAPÃO BONITO";1320;3284;409;5;13709;198;162;18;602;5110;54;118;3;1142;1191
"176";63070;"CAPELA DO ALTO";527;978;240;2;6196;46;60;7;232;1643;26;20;2;423;507
"177";63096;"CAPIVARI";1987;2533;251;4;18087;217;199;25;801;2670;78;166;10;990;1533
"178";63118;"CARAGUATATUBA";5502;8828;693;30;34897;534;276;43;1872;9564;323;680;26;2228;3812
"179";63134;"CARAPICUÍBA";26447;47542;2591;124;90375;2941;1488;177;7970;17703;1843;3300;58;9260;17899
"180";63150;"CARDOSO";503;1541;82;1;3264;16;40;2;137;803;26;57;2;223;427
"181";63177;"CASA BRANCA";1033;1157;302;6;8647;79;63;6;511;1460;67;87;1;647;864
"182";63193;"CÁSSIA DOS COQUEIROS";144;263;31;1;812;7;9;0;65;370;10;6;1;70;204
"183";63215;"CASTILHO";745;3662;86;10;4277;58;55;2;115;816;39;135;8;378;633
"184";63231;"CATANDUVA";5155;7416;643;12;42034;537;522;37;2662;5066;296;422;9;2138;4616
"185";63258;"CATIGUÁ";215;576;38;0;2535;12;14;1;113;555;11;23;0;194;443
"186";63274;"CEDRAL";381;438;43;1;3245;28;32;5;151;688;19;16;1;175;323
"187";63290;"CERQUEIRA CÉSAR";876;1231;165;8;5559;68;177;4;298;1447;56;83;5;513;594
"188";63312;"CERQUILHO";1741;1618;207;7;17143;129;280;18;1092;2617;77;94;7;761;1606
"189";63339;"CESÁRIO LANGE";408;758;67;0;5481;24;71;4;179;1621;33;40;6;463;779
"190";63355;"CHARQUEADA";558;1027;57;1;5972;65;105;5;229;1178;13;47;2;310;529
"191";63371;"CHAVANTES";548;1067;54;3;3793;37;106;2;144;787;18;61;0;228;396
"192";63398;"CLEMENTINA";197;710;30;0;2394;11;21;1;94;428;10;26;1;90;261
"193";63410;"COLINA";535;1781;109;2;4838;61;39;4;382;1528;30;50;5;394;734
"194";63436;"COLÔMBIA";323;994;18;3;1830;22;30;0;136;445;7;24;0;97;281
"195";63452;"CONCHAL";709;1642;94;2;10581;75;73;10;312;1381;46;99;2;600;780
"196";63479;"CONCHAS";593;825;76;3;5742;60;58;1;284;1196;22;50;3;313;519
"197";63495;"CORDEIRÓPOLIS";1132;1746;159;3;8769;106;56;7;485;896;42;63;1;459;845
"198";63517;"COROADOS";100;420;25;1;2125;10;12;0;46;253;5;13;0;87;145
"199";63533;"CORONEL MACEDO";129;1083;30;0;1026;10;26;1;48;502;4;28;1;126;139
"200";63550;"CORUMBATAÍ";139;191;28;0;1511;4;12;1;50;344;5;7;1;84;148
"201";63576;"COSMÓPOLIS";2591;6328;373;13;18580;259;166;36;836;1410;111;376;7;1101;2406
"202";63592;"COSMORAMA";224;862;63;2;2793;8;27;2;154;443;6;21;1;161;229
"203";63614;"COTIA";14910;23283;1846;86;56314;1701;790;80;6423;12641;1306;1899;35;5123;8753
"204";63630;"CRAVINHOS";1527;1370;151;4;10734;80;92;3;632;3004;41;96;3;640;1227
"205";63657;"CRISTAIS PAULISTA";362;765;29;0;2867;29;23;0;191;923;9;31;2;111;248
"206";63673;"CRUZÁLIA";75;295;11;0;883;9;46;0;57;233;1;8;1;23;60
"207";63690;"CRUZEIRO";3802;3519;510;9;24072;391;211;37;1892;6556;200;458;9;1489;3093
"208";63711;"CUBATÃO";7790;16296;539;38;31907;825;358;48;1583;5001;411;2310;18;1926;4402
"209";63738;"CUNHA";611;2447;113;1;5721;67;44;2;351;2457;35;61;6;593;790
"210";63754;"DESCALVADO";1442;1044;189;4;11010;126;161;10;601;2328;85;94;5;893;1563
"211";63770;"DIADEMA";30636;71929;2538;161;93457;2779;1839;146;8060;13987;3602;4796;54;9551;22020
"212";63797;"DIVINOLÂNDIA";506;660;76;1;3936;17;37;3;325;1029;40;18;1;343;804
"213";63819;"DOBRADA";379;1314;60;2;1813;24;19;1;106;508;23;41;2;166;373
"214";63835;"DOIS CÓRREGOS";893;1381;153;5;8352;76;94;7;303;1531;42;59;5;626;683
"215";63851;"DOLCINÓPOLIS";91;687;13;0;531;3;6;0;75;113;2;9;1;41;122
"216";63878;"DOURADO";452;460;65;0;2869;26;26;2;107;638;10;52;3;301;485
"217";63894;"DRACENA";1422;2533;167;2;16464;117;180;4;678;2821;50;124;1;782;1181
"218";63916;"DUARTINA";698;956;54;21;4078;45;59;3;195;906;17;72;1;246;411
"219";63932;"DUMONT";322;627;64;3;3098;28;27;5;135;541;13;25;2;193;335
"220";63959;"ECHAPORÃ";234;660;73;2;2110;15;25;3;140;319;6;37;3;93;219
"221";63975;"ELDORADO";287;2458;101;3;3143;27;39;3;116;1184;20;79;3;190;349
"222";63991;"ELIAS FAUSTO";528;1234;115;4;5863;54;110;9;181;828;26;59;2;391;723
"223";64017;"EMBU DAS ARTES";16726;34247;2148;94;52864;2069;1183;73;4272;11019;2564;2888;39;6722;14407
"224";64033;"EMBU-GUAÇU";3565;7020;625;19;16622;538;301;18;1203;4088;340;553;10;1774;3260
"225";64050;"ESTRELA D'OESTE";226;636;29;2;2856;32;14;1;184;764;6;10;1;224;393
"226";64076;"ESTRELA DO NORTE";77;601;12;0;665;1;30;3;42;289;5;16;0;41;128
"227";64092;"FARTURA";1129;1483;51;3;4319;55;150;1;194;1667;34;23;3;281;415
"228";64114;"FERNANDÓPOLIS";2695;5483;293;14;20984;171;169;17;1401;3385;91;171;5;1149;2119
"229";64130;"FERNANDO PRESTES";252;447;43;1;2143;12;28;1;99;255;4;13;1;164;228
"230";64157;"FERRAZ DE VASCONCELOS";11519;22784;1318;53;39368;1462;473;98;1729;6007;843;1995;46;3900;8566
"231";64173;"FLORA RICA";48;378;12;0;496;4;2;0;15;171;1;9;0;29;46
"232";64190;"FLOREAL";141;307;14;1;920;2;7;1;51;418;7;5;1;43;82
"233";64211;"FLÓRIDA PAULISTA";383;1225;55;2;3305;30;29;1;69;541;5;39;0;235;361
"234";64238;"FLORÍNEA";132;538;14;0;891;12;43;0;62;187;3;10;0;50;132
"235";64254;"FRANCA";17606;19611;1728;54;106547;1222;1256;57;8486;16695;916;1218;40;5246;9199
"236";64270;"FRANCISCO MORATO";9791;26923;985;43;30870;955;455;61;1313;8238;672;2094;34;4502;8073
"237";64297;"FRANCO DA ROCHA";7830;17689;830;50;30826;869;398;48;1550;5530;635;1073;45;3417;7244
"238";64319;"GABRIEL MONTEIRO";99;161;13;0;1281;0;14;0;75;269;4;8;0;35;122
"239";64335;"GÁLIA";254;800;48;1;1727;17;14;0;108;634;9;37;0;122;231
"240";64351;"GARÇA";1723;2180;328;4;15166;172;193;10;753;3125;121;157;6;1035;1300
"241";64378;"GASTÃO VIDIGAL";128;751;15;0;794;5;11;0;67;218;7;9;0;73;153
"242";64394;"GENERAL SALGADO";318;1004;38;1;3566;25;34;3;199;745;27;20;1;187;262
"243";64416;"GETULINA";255;883;97;0;2925;27;36;3;93;717;9;39;1;217;325
"244";64432;"GLICÉRIO";179;669;17;0;1555;10;33;1;74;236;6;21;0;81;167
"245";64459;"GUAIÇARA";267;924;63;0;3514;41;28;3;87;739;16;58;0;246;336
"246";64475;"GUAIMBÉ";181;793;52;3;1564;22;18;1;21;400;9;52;1;113;222
"247";64491;"GUAÍRA";1177;2877;203;1;11156;83;84;5;850;2217;52;93;3;760;1020
"248";64513;"GUAPIAÇU";733;1433;81;2;5729;53;55;3;358;1337;32;103;4;489;797
"249";64530;"GUAPIARA";273;3775;81;2;3538;43;67;1;101;2124;23;37;1;378;496
"250";64556;"GUARÁ";783;2870;116;3;4729;41;30;2;303;889;33;141;2;308;685
"251";64572;"GUARAÇAÍ";261;837;31;3;2860;15;24;1;138;344;3;13;1;159;338
"252";64599;"GUARACI";379;1522;25;1;2645;17;13;0;212;646;14;12;1;158;316
"253";64610;"GUARANI D'OESTE";49;365;10;0;457;2;7;0;33;140;3;2;0;25;72
"254";64637;"GUARANTÃ";129;656;60;0;2128;15;14;5;43;409;4;24;0;166;163
"255";64653;"GUARARAPES";974;1996;193;8;10579;76;68;13;544;1686;51;95;3;519;949
"256";64670;"GUARAREMA";1117;1936;191;7;10401;183;98;10;933;2127;81;154;2;735;1180
"257";64696;"GUARATINGUETÁ";5904;5683;585;36;42509;588;502;59;2608;8890;337;524;20;2146;2478
"258";64718;"GUAREÍ";263;818;63;1;3835;32;24;2;67;906;24;18;3;406;483
"259";64734;"GUARIBA";1371;4299;314;7;10522;143;97;15;617;1987;125;182;7;771;1249
"260";64750;"GUARUJÁ";15522;29311;1630;85;87808;2250;958;108;4218;11576;1012;4302;64;6003;11698
"261";64777;"GUARULHOS";81857;113848;7283;372;318726;8259;4516;486;21814;48943;6426;11331;215;23971;67659
"262";64793;"GUZOLÂNDIA";118;825;22;0;971;10;31;3;66;348;5;21;1;89;181
"263";64815;"HERCULÂNDIA";286;1120;35;0;2512;16;29;2;124;502;12;31;0;159;406
"264";64831;"IACANGA";357;589;70;2;3671;27;30;4;198;715;20;53;1;200;312
"265";64858;"IACRI";173;534;24;1;2196;15;35;3;77;449;9;15;0;118;241
"266";64874;"IBATÉ";1437;3146;179;8;9359;141;73;7;368;1706;116;260;4;919;1483
"267";64890;"IBIRÁ";269;687;51;3;4174;15;23;3;304;635;13;31;3;185;415
"268";64912;"IBIRAREMA";228;484;33;1;2150;13;17;0;61;585;2;15;2;162;192
"269";64939;"IBITINGA";2503;3384;344;9;18106;133;194;11;788;4188;97;195;9;1267;1785
"270";64955;"IBIÚNA";2793;3630;616;10;20551;324;306;23;1144;9625;191;385;22;1959;3108
"271";64971;"ICÉM";316;1055;22;1;2065;12;33;3;136;620;16;18;2;90;242
"272";64998;"IEPÊ";302;856;34;0;2499;14;66;5;54;763;3;25;2;106;223
"273";65013;"IGARAÇU DO TIETÊ";897;2097;199;7;7087;130;87;5;516;1347;56;92;0;821;1216
"274";65030;"IGARAPAVA";1241;3102;164;4;6596;78;73;1;636;1323;75;79;4;521;802
"275";65056;"IGARATÁ";439;630;67;4;3301;50;49;4;158;979;26;37;1;199;411
"276";65072;"IGUAPE";1011;2365;146;2;7595;121;129;11;217;2380;94;81;8;504;916
"277";65099;"ILHABELA";1818;2360;122;6;8781;201;91;7;657;2077;132;261;3;518;865
"278";65110;"INDAIATUBA";11842;12993;1100;39;74782;1170;1885;83;7197;6753;698;716;32;4115;7469
"279";65137;"INDIANA";165;438;26;0;1859;8;16;1;52;339;10;10;0;121;178
"280";65153;"INDIAPORÃ";136;687;23;0;978;9;7;4;89;195;5;7;0;41;145
"281";65170;"INÚBIA PAULISTA";112;199;21;2;1492;4;21;1;32;359;2;5;0;75;145
"282";65196;"IPAUSSU";501;798;64;0;4383;50;98;2;269;1406;23;62;1;311;419
"283";65218;"IPERÓ";985;3096;127;5;6983;120;66;6;317;1806;89;146;2;551;1097
"284";65234;"IPEÚNA";184;491;39;2;2616;18;28;2;113;254;9;38;0;90;210
"285";65250;"IPORANGA";77;749;29;1;709;18;7;0;76;447;5;19;1;64;135
"286";65277;"IPUÃ";581;2232;93;1;3710;37;22;9;293;557;14;69;2;275;460
"287";65293;"IRACEMÁPOLIS";1087;1537;101;13;8952;85;66;11;447;907;50;98;0;370;650
"288";65315;"IRAPUÃ";114;582;32;0;2426;7;11;4;72;439;7;17;0;187;347
"289";65331;"IRAPURU";182;705;15;0;2039;20;24;2;100;465;2;25;0;127;217
"290";65358;"ITABERÁ";464;2882;73;1;4929;47;115;6;183;1662;14;12;2;421;438
"291";65374;"ITAÍ";1266;2560;140;3;4933;59;92;4;322;1973;58;58;5;652;811
"292";65390;"ITAJOBI";414;724;51;1;5961;24;48;5;263;945;20;36;2;371;539
"293";65412;"ITAJU";99;364;13;3;1292;6;21;0;58;208;6;5;0;74;112
"294";65439;"ITANHAÉM";3975;7366;512;34;25454;586;326;37;1046;6502;307;865;22;1624;3165
"295";65455;"ITAPECERICA DA SERRA";9959;21104;1472;37;32460;1204;1236;49;2698;7186;1054;1572;24;3978;7204
"296";65471;"ITAPETININGA";6183;6565;919;29;48223;608;461;32;1971;9963;507;343;23;3378;5038
"297";65498;"ITAPEVA";2864;6159;519;6;26732;317;403;24;1154;10403;136;340;15;1946;2046
"298";65510;"ITAPEVI";10659;29213;1450;56;44652;1439;924;95;2825;9406;734;2060;30;5816;9189
"299";65536;"ITAPIRA";3947;2497;407;5;25183;319;250;28;1768;3756;190;281;9;1927;3060
"300";65552;"ITÁPOLIS";1473;1980;191;3;13535;106;189;14;608;1814;87;90;3;885;1256
"301";65579;"ITAPORANGA";357;1324;58;2;4005;22;70;1;214;1700;15;12;5;324;378
"302";65595;"ITAPUÍ";415;804;75;2;3991;32;53;0;209;884;19;36;2;338;364
"303";65617;"ITAPURA";285;1269;18;1;620;8;6;1;28;161;4;38;0;68;189
"304";65633;"ITAQUAQUECETUBA";18937;41213;2409;80;71464;2304;1270;138;2853;13905;1379;4300;67;8798;16480
"305";65650;"ITARARÉ";1708;2913;243;0;13987;159;565;17;572;3930;98;112;5;909;1034
"306";65676;"ITARIRI";370;895;58;1;3361;44;23;4;116;969;20;56;0;167;326
"307";65692;"ITATIBA";5499;4263;596;18;35782;461;370;51;3276;6775;290;421;16;1908;3185
"308";65714;"ITATINGA";740;1137;83;0;5510;57;40;1;177;1865;18;78;3;418;797
"309";65730;"ITIRAPINA";568;1099;87;2;4048;27;31;1;133;831;19;44;2;270;434
"310";65757;"ITIRAPUÃ";183;957;34;0;1494;22;17;1;109;509;7;17;1;146;214
"311";65773;"ITOBI";293;988;89;1;2232;32;22;2;136;490;5;32;2;267;270
"312";65790;"ITU";7634;9396;997;32;53893;789;725;48;4036;7811;406;648;24;2912;5853
"313";65811;"ITUPEVA";2178;4037;228;17;18109;251;265;21;1142;2165;91;314;5;1073;2104
"314";65838;"ITUVERAVA";1226;3360;165;4;11370;101;96;7;857;2091;44;137;3;711;955
"315";65854;"JABORANDI";199;949;51;2;1859;10;11;1;101;240;9;32;0;180;276
"316";65870;"JABOTICABAL";3962;3600;431;15;22453;266;289;14;1394;3433;124;226;14;1052;1506
"317";65897;"JACAREÍ";10337;11821;1006;154;71859;1333;711;74;5861;15456;719;1071;21;3401;6514
"318";65919;"JACI";218;556;27;0;2144;21;16;0;175;718;3;26;0;123;193
"319";65935;"JACUPIRANGA";431;1184;70;3;5338;62;63;1;202;1316;16;88;2;220;361
"320";65951;"JAGUARIÚNA";2633;2912;468;13;18133;288;198;15;1398;1891;137;209;6;899;1581
"321";65978;"JALES";1626;3021;216;9;16319;113;170;15;1201;3074;71;110;3;936;1917
"322";65994;"JAMBEIRO";225;345;31;1;2237;19;21;4;154;557;8;27;0;108;140
"323";66010;"JANDIRA";6765;11727;949;47;25499;694;327;65;2136;6071;401;1067;16;2464;4353
"324";66036;"JARDINÓPOLIS";1445;1842;245;7;11795;129;94;7;567;1875;92;127;4;959;1329
"325";66052;"JARINU";887;2210;151;5;9435;101;139;6;513;1680;60;129;12;661;1217
"326";66079;"JAÚ";5886;4945;995;37;49130;559;661;19;2591;6809;275;443;10;3041;4076
"327";66095;"JERIQUARA";165;639;18;0;877;4;10;0;124;268;2;25;0;74;104
"328";66117;"JOANÓPOLIS";445;524;63;2;4068;41;33;7;136;1157;10;23;2;299;462
"329";66133;"JOÃO RAMALHO";148;649;15;0;1121;7;51;1;32;359;11;18;3;81;157
"330";66150;"JOSÉ BONIFÁCIO";1610;2206;189;9;11106;54;148;9;658;1846;65;94;1;770;1024
"331";66176;"JÚLIO MESQUITA";171;775;29;0;1267;13;24;0;51;208;4;51;0;156;217
"332";66192;"JUNDIAÍ";23096;21448;2143;87;142656;2083;1490;147;16954;17103;1211;1506;49;6246;15998
"333";66214;"JUNQUEIRÓPOLIS";507;1336;58;3;6139;57;46;5;258;1617;16;72;2;432;543
"334";66230;"JUQUIÁ";600;1377;113;6;5791;51;50;10;102;1754;16;57;2;281;599
"335";66257;"JUQUITIBA";1529;3043;235;11;6663;145;147;3;324;2994;138;175;4;570;1114
"336";66273;"LAGOINHA";364;408;30;1;1569;15;14;1;63;1268;30;4;1;160;194
"337";66290;"LARANJAL PAULISTA";725;1219;148;4;9908;85;89;7;488;2111;43;75;3;540;721
"338";66311;"LAVÍNIA";213;718;13;1;1388;11;10;0;92;320;5;13;1;87;198
"339";66338;"LAVRINHAS";305;631;59;2;2075;16;23;2;110;1162;17;56;2;165;281
"340";66354;"LEME";4270;6246;619;12;32198;382;259;24;1767;4527;216;498;8;2624;3717
"341";66370;"LENÇÓIS PAULISTA";2614;2692;373;11;24436;254;222;10;1340;3887;120;283;7;1313;2052
"342";66397;"LIMEIRA";12432;14451;1256;41;111964;1444;975;168;5483;8753;692;1296;56;4698;8910
"343";66419;"LINDÓIA";267;332;26;1;2806;11;37;3;127;493;5;11;1;82;240
"344";66435;"LINS";2143;2842;430;10;27727;237;197;21;970;4118;120;294;12;1299;2012
"345";66451;"LORENA";3627;3690;442;26;28040;509;277;26;1940;6538;199;267;13;1588;1948
"346";66478;"LOUVEIRA";1890;3616;184;5;15593;228;145;15;1099;1945;115;210;6;746;1575
"347";66494;"LUCÉLIA";563;1211;71;5;5784;51;43;3;251;1229;23;52;1;303;577
"348";66516;"LUCIANÓPOLIS";98;339;16;0;713;6;6;2;39;247;5;3;0;50;76
"349";66532;"LUÍS ANTÔNIO";510;1353;71;3;3385;37;29;2;160;711;24;69;1;184;427
"350";66559;"LUIZIÂNIA";174;626;57;3;1454;4;13;1;41;329;7;19;0;74;173
"351";66575;"LUPÉRCIO";90;553;39;1;1293;23;27;2;39;291;6;20;0;105;142
"352";66591;"LUTÉCIA";96;498;15;0;818;14;20;1;58;195;3;7;0;44;126
"353";66613;"MACATUBA";665;1132;105;4;6050;63;60;5;262;1012;15;88;1;366;555
"354";66630;"MACAUBAL";278;473;28;0;2467;8;30;2;181;614;12;9;0;214;333
"355";66656;"MACEDÔNIA";140;369;18;1;1203;6;12;1;48;291;7;5;1;61;173
"356";66672;"MAGDA";139;353;10;0;1053;6;17;1;99;268;6;20;0;68;130
"357";66699;"MAIRINQUE";2342;3742;333;9;13896;260;228;13;1089;3459;152;243;7;1175;2134
"358";66710;"MAIRIPORÃ";3705;5566;620;13;24593;679;311;33;1538;5021;266;336;18;1596;3326
"359";66737;"MANDURI";368;635;68;4;2913;30;45;4;118;908;15;19;1;222;361
"360";66753;"MARABÁ PAULISTA";142;868;9;0;784;8;13;0;26;313;2;8;0;51;124
"361";66770;"MARACAÍ";477;1358;92;3;4654;38;120;9;253;681;22;82;0;221;362
"362";66796;"MARIÁPOLIS";159;565;14;2;997;11;21;1;43;296;5;4;1;85;202
"363";66818;"MARÍLIA";11287;9865;1022;47;81202;1342;1097;48;3689;10583;548;839;47;3803;6481
"364";66834;"MARINÓPOLIS";87;323;22;0;584;5;11;0;44;205;0;11;0;47;97
"365";66850;"MARTINÓPOLIS";893;1968;110;1;7061;96;90;0;317;2097;28;106;6;401;798
"366";66877;"MATÃO";4096;7341;480;7;24195;280;332;17;1929;4683;217;407;11;1856;3932
"367";66893;"MAUÁ";28308;44804;2477;133;103372;3224;1349;211;7267;14626;2134;4947;41;8800;24296
"368";66915;"MENDONÇA";212;675;15;0;1786;7;10;1;78;320;6;2;1;107;217
"369";66931;"MERIDIANO";131;524;19;1;1229;7;20;0;123;320;5;10;0;77;181
"370";66958;"MIGUELÓPOLIS";673;2955;101;0;4604;29;38;2;259;1128;19;51;2;299;720
"371";66974;"MINEIROS DO TIETÊ";372;523;99;3;4057;44;66;1;222;864;16;87;4;337;405
"372";66990;"MIRACATU";553;1854;155;2;5576;69;69;5;142;1736;19;81;2;300;581
"373";67016;"MIRA ESTRELA";75;454;10;0;983;4;11;0;45;185;4;5;0;48;120
"374";67032;"MIRANDÓPOLIS";737;1587;142;11;8766;65;72;6;339;954;25;116;2;483;878
"375";67059;"MIRANTE DO PARANAPANEMA";717;3776;86;2;3093;42;87;2;89;897;16;84;2;271;388
"376";67075;"MIRASSOL";2339;2940;354;12;18544;210;252;12;1328;2914;130;195;7;1181;1897
"377";67091;"MIRASSOLÂNDIA";118;342;8;2;1456;13;8;0;61;543;4;25;0;79;114
"378";67113;"MOCOCA";3379;2771;411;8;18743;239;182;14;1410;5951;136;149;19;1857;2951
"379";67130;"MOGI DAS CRUZES";22664;27495;3470;92;116030;2825;1396;153;10952;30395;1694;3160;53;9293;16538
"380";67156;"MOGI GUAÇU";6029;6955;768;22;54474;830;517;48;3457;6415;302;868;19;2963;5293
"381";67172;"MOGI MIRIM";4297;3359;438;17;31820;341;285;27;1973;4480;171;505;30;1932;2814
"382";67199;"MOMBUCA";109;277;31;2;1496;6;24;0;21;324;15;27;2;87;145
"383";67210;"MONÇÕES";63;269;23;0;697;1;13;0;128;192;1;13;0;84;110
"384";67237;"MONGAGUÁ";2482;4745;343;15;15295;311;231;17;665;3071;154;305;19;934;1705
"385";67253;"MONTE ALEGRE DO SUL";300;320;31;3;2747;37;29;4;175;695;16;6;1;147;351
"386";67270;"MONTE ALTO";2317;1898;278;7;15957;115;228;17;1372;2651;81;116;5;1115;1353
"387";67296;"MONTE APRAZÍVEL";812;1680;77;3;7135;42;64;1;421;1224;40;106;5;448;822
"388";67318;"MONTE AZUL PAULISTA";638;1142;165;5;6202;72;71;6;425;1319;32;41;4;450;624
"389";67334;"MONTE CASTELO";144;746;15;1;1235;9;4;1;40;253;8;17;1;61;183
"390";67350;"MONTEIRO LOBATO";228;390;31;2;1307;11;23;3;121;549;7;8;0;70;109
"391";67377;"MONTE MOR";2509;6413;294;9;14804;312;220;28;754;2090;116;340;2;1277;2327
"392";67393;"MORRO AGUDO";888;2611;130;2;7703;74;43;11;425;1575;28;152;5;608;1202
"393";67415;"MORUNGABA";431;681;65;2;5124;36;29;2;199;1019;22;21;3;253;450
"394";67431;"MURUTINGA DO SUL";138;540;13;0;1452;6;13;0;27;230;1;15;0;87;153
"395";67458;"NARANDIBA";129;989;20;2;1310;21;32;0;62;409;14;19;1;69;168
"396";67474;"NATIVIDADE DA SERRA";193;575;40;0;2268;23;35;1;67;807;8;17;0;111;224
"397";67490;"NAZARÉ PAULISTA";620;1125;99;11;5290;87;68;5;201;1583;64;39;3;433;894
"398";67512;"NEVES PAULISTA";352;669;38;2;3066;24;28;2;183;705;23;20;1;265;365
"399";67539;"NHANDEARA";281;669;47;2;3639;14;58;3;190;676;5;15;2;192;295
"400";67555;"NIPOÃ";114;634;23;0;1243;6;21;0;86;379;7;34;1;96;165
"401";67571;"NOVA ALIANÇA";304;463;32;3;2091;13;24;0;127;451;13;11;0;149;270
"402";67598;"NOVA EUROPA";381;1673;48;2;2148;37;39;1;139;615;24;33;0;209;377
"403";67610;"NOVA GRANADA";815;1966;82;6;5138;47;300;4;379;933;42;43;5;380;896
"404";67636;"NOVA GUATAPORANGA";54;479;20;0;650;6;4;0;15;124;0;10;0;43;128
"405";67652;"NOVA INDEPENDÊNCIA";112;545;14;1;1034;11;15;0;43;330;2;20;1;82;148
"406";67679;"NOVA LUZITÂNIA";97;592;17;0;884;9;7;0;36;345;3;11;1;31;125
"407";67695;"NOVA ODESSA";3262;4695;276;11;20487;286;231;35;1442;2480;166;340;7;926;2166
"408";67717;"NOVO HORIZONTE";1426;2586;149;5;13046;111;75;13;561;2191;59;95;1;735;908
"409";67733;"NUPORANGA";231;552;41;1;2534;18;28;3;104;506;9;25;1;91;276
"410";67750;"OCAUÇU";196;568;34;3;1162;6;27;3;31;270;7;24;0;125;192
"411";67776;"ÓLEO";129;201;37;1;1144;8;15;1;26;241;4;6;1;66;158
"412";67792;"OLÍMPIA";1881;3364;195;13;17645;145;112;9;1116;2854;103;144;5;1039;1494
"413";67814;"ONDA VERDE";255;411;23;2;1460;8;24;0;84;334;14;16;1;79;188
"414";67830;"ORIENTE";168;550;42;2;2316;29;21;1;96;370;14;27;0;134;236
"415";67857;"ORINDIÚVA";171;903;23;0;1551;11;11;0;92;544;13;10;3;58;212
"416";67873;"ORLÂNDIA";1894;2668;299;5;12506;151;110;9;934;2169;69;117;2;791;1605
"417";67890;"OSASCO";54767;75986;4990;259;193461;5281;4633;365;22268;31508;3727;5813;156;14654;32615
"418";67911;"OSCAR BRESSANE";91;235;12;0;1286;5;12;0;47;190;4;5;0;33;105
"419";67938;"OSVALDO CRUZ";1162;1466;149;1;11038;80;106;9;458;1833;42;81;6;639;963
"420";67954;"OURINHOS";5825;6749;734;17;33868;394;566;25;1552;4821;182;492;10;1935;2908
"421";67970;"OURO VERDE";164;1516;26;3;1861;12;20;2;77;479;5;37;3;151;368
"422";67997;"PACAEMBU";355;878;49;0;3506;25;25;1;143;806;17;42;2;197;328
"423";68012;"PALESTINA";332;1279;66;0;3421;24;31;6;247;767;22;39;2;225;368
"424";68039;"PALMARES PAULISTA";293;1349;43;1;2719;32;43;4;173;484;16;31;1;240;560
"425";68055;"PALMEIRA D'OESTE";281;1125;48;1;2729;14;47;2;244;632;16;21;3;213;357
"426";68071;"PALMITAL";824;1761;101;1;7038;59;147;4;475;1379;11;48;4;379;602
"427";68098;"PANORAMA";341;1300;56;1;3973;35;52;3;198;1013;6;41;1;303;488
"428";68110;"PARAGUAÇU PAULISTA";1499;4079;206;5;12005;155;215;14;611;2283;72;272;5;899;1409
"429";68136;"PARAIBUNA";929;1703;78;3;4759;45;25;11;301;1946;43;62;3;225;506
"430";68152;"PARAÍSO";205;430;37;1;2088;11;40;1;105;338;5;16;2;143;438
"431";68179;"PARANAPANEMA";413;2427;77;1;4911;37;52;3;366;1361;23;54;2;339;575
"432";68195;"PARANAPUÃ";70;506;24;0;1217;4;12;1;95;347;6;19;0;94;148
"433";68217;"PARAPUÃ";298;931;60;5;3492;18;26;3;138;654;13;16;0;251;402
"434";68233;"PARDINHO";258;547;28;1;2187;24;33;3;151;533;9;15;2;103;295
"435";68250;"PARIQUERA-AÇU";511;1165;204;6;5904;67;66;4;242;1589;26;103;1;424;650
"436";68276;"PATROCÍNIO PAULISTA";697;890;100;1;4077;35;46;2;234;1434;33;55;1;272;364
"437";68292;"PAULICÉIA";173;942;43;0;2198;12;12;1;70;421;13;46;1;114;261
"438";68314;"PAULÍNIA";6495;7749;484;19;31771;617;374;62;2622;2384;364;670;16;1457;3092
"439";68330;"PAULO DE FARIA";335;1201;46;0;1974;14;18;0;106;532;11;20;1;85;302
"440";68357;"PEDERNEIRAS";1759;2494;447;5;15000;152;118;18;811;2269;77;196;7;881;1322
"441";68373;"PEDRA BELA";241;486;36;2;1756;15;20;1;175;739;8;3;2;149;210
"442";68390;"PEDRANÓPOLIS";123;367;11;1;749;0;7;1;44;169;2;6;0;47;98
"443";68411;"PEDREGULHO";821;2484;72;1;3561;26;40;1;242;848;20;44;3;320;616
"444";68438;"PEDREIRA";1488;1921;188;3;15911;122;212;14;986;2537;83;125;4;908;1944
"445";68454;"PEDRO DE TOLEDO";271;858;52;1;2570;66;26;2;83;823;13;45;0;144;285
"446";68470;"PENÁPOLIS";2089;4406;344;7;19887;158;200;19;876;2668;73;190;6;1018;1909
"447";68497;"PEREIRA BARRETO";979;2274;187;3;7110;79;88;3;321;1818;25;174;3;456;848
"448";68519;"PEREIRAS";205;605;53;0;2512;24;41;4;122;785;8;48;1;211;288
"449";68535;"PERUÍBE";2864;5373;456;21;18875;431;258;66;1054;4508;200;445;6;1104;2119
"450";68551;"PIACATU";151;631;22;1;2109;9;33;2;91;396;14;25;0;77;223
"451";68578;"PIEDADE";2488;3556;389;9;14325;222;189;15;654;7104;171;139;7;1376;1521
"452";68594;"PILAR DO SUL";807;1627;133;5;8779;79;61;7;385;3433;68;79;6;674;897
"453";68616;"PINDAMONHANGABA";6811;6943;951;14;47930;873;344;39;3233;12266;371;674;24;2764;4683
"454";68632;"PINDORAMA";543;1027;65;1;4936;44;52;0;332;699;26;28;2;413;645
"455";68659;"ESPÍRITO SANTO DO PINHAL";1742;2000;219;5;12967;143;152;13;1059;3951;90;92;5;907;1346
"456";68675;"PINHALZINHO";496;622;57;5;4206;36;42;7;330;1176;16;11;0;341;649
"457";68691;"PIQUEROBI";138;698;13;0;980;10;19;1;24;144;9;13;0;77;140
"458";68713;"PIQUETE";564;482;89;3;4440;88;34;5;253;1257;27;45;4;193;347
"459";68730;"PIRACAIA";1187;1113;188;10;9281;93;115;10;601;2464;71;84;5;557;891
"460";68756;"PIRACICABA";19783;19712;1793;67;133718;2535;1251;123;10016;16468;1020;1411;124;7434;12260
"461";68772;"PIRAJU";1719;1647;184;4;9136;135;152;10;439;2125;76;79;4;579;978
"462";68799;"PIRAJUÍ";637;1281;130;10;6856;67;49;6;220;1359;35;64;6;431;572
"463";68810;"PIRANGI";543;542;31;2;3651;38;40;2;182;510;12;12;1;286;339
"464";68837;"PIRAPORA DO BOM JESUS";781;2249;93;3;3944;73;35;7;223;1260;89;103;2;297;493
"465";68853;"PIRAPOZINHO";1223;2427;128;4;7545;101;123;4;483;1547;58;120;0;401;786
"466";68870;"PIRASSUNUNGA";3434;2802;548;25;27957;308;289;24;1574;3340;183;293;5;1349;2233
"467";68896;"PIRATININGA";534;702;73;1;4174;70;40;2;215;894;29;52;2;211;269
"468";68918;"PITANGUEIRAS";1362;3560;369;6;9489;149;119;5;453;1590;53;146;3;862;1267
"469";68934;"PLANALTO";121;859;25;1;1397;5;17;4;81;422;1;31;0;74;143
"470";68950;"PLATINA";62;405;27;0;1158;8;9;1;25;225;5;16;0;51;105
"471";68977;"POÁ";9214;11234;932;37;33851;1003;583;47;1913;4491;683;1277;21;2754;5730
"472";68993;"POLONI";134;465;22;0;1805;13;12;2;96;508;5;10;0;117;198
"473";69019;"POMPÉIA";710;1150;148;4;7997;61;64;2;448;1122;44;87;4;319;644
"474";69035;"PONGAÍ";115;343;23;2;1550;9;12;1;50;193;4;6;0;32;109
"475";69051;"PONTAL";1365;3812;311;12;9730;104;79;7;532;2305;34;176;1;900;1795
"476";69078;"PONTES GESTAL";88;366;14;0;993;10;6;0;51;198;5;17;0;53;105
"477";69094;"POPULINA";208;872;20;2;1059;3;22;2;59;231;7;5;0;96;228
"478";69116;"PORANGABA";243;690;39;0;2605;22;23;2;100;690;16;16;1;173;294
"479";69132;"PORTO FELIZ";2049;2914;305;8;18847;266;227;30;769;3168;125;143;5;1282;1641
"480";69159;"PORTO FERREIRA";2512;2126;511;4;18671;245;165;17;1071;2979;110;231;14;1249;2106
"481";69175;"POTIRENDABA";521;1167;72;1;5491;35;64;12;355;848;35;47;1;446;645
"482";69191;"PRADÓPOLIS";670;1800;91;3;5102;53;27;4;472;972;40;50;3;380;693
"483";69213;"PRAIA GRANDE";13641;20237;1573;73;86104;1700;1200;112;4380;13457;818;2039;38;4871;8981
"484";69230;"PRESIDENTE ALVES";195;389;25;0;1444;11;14;3;46;361;10;20;0;74;139
"485";69256;"PRESIDENTE BERNARDES";400;1510;43;1;4314;30;74;5;200;860;25;50;0;236;292
"486";69272;"PRESIDENTE EPITÁCIO";1296;3911;230;6;11879;171;193;9;461;1816;67;218;3;727;1290
"487";69299;"PRESIDENTE PRUDENTE";9252;12435;1275;26;77753;969;1122;41;3704;10718;447;814;16;3388;5715
"488";69310;"PRESIDENTE VENCESLAU";1266;2338;200;6;13355;140;148;4;403;1759;60;118;3;650;1062
"489";69337;"PROMISSÃO";1193;3800;162;7;10997;108;101;6;484;1291;53;145;3;705;1149
"490";69353;"QUATÁ";524;1089;63;0;4235;44;299;2;110;895;35;74;0;274;470
"491";69370;"QUEIROZ";85;554;12;0;1177;6;14;0;45;252;5;13;0;61;121
"492";69396;"QUELUZ";446;1054;54;2;1968;30;12;1;106;1125;42;51;0;135;324
"493";69418;"QUINTANA";216;604;44;2;2028;19;32;0;84;536;10;48;1;133;311
"494";69434;"RAFARD";329;614;59;0;3768;47;33;3;113;566;26;37;0;191;285
"495";69450;"RANCHARIA";1169;2874;152;2;9303;143;284;8;395;2413;67;132;3;562;873
"496";69477;"REDENÇÃO DA SERRA";134;321;24;0;1302;15;14;0;53;952;2;7;0;101;120
"497";69493;"REGENTE FEIJÓ";791;1508;78;1;6503;66;99;4;250;1180;42;70;0;337;653
"498";69515;"REGINÓPOLIS";144;296;51;1;2324;16;11;2;67;360;2;13;1;72;189
"499";69531;"REGISTRO";2026;4702;356;12;17734;340;207;15;724;4437;126;303;4;1014;1387
"500";69558;"RESTINGA";339;1369;38;0;2203;25;14;1;94;397;14;29;0;131;199
"501";69574;"RIBEIRA";51;805;18;1;697;14;12;0;62;446;3;7;0;57;74
"502";69590;"RIBEIRÃO BONITO";486;988;65;1;3147;34;48;4;89;859;33;63;9;282;488
"503";69612;"RIBEIRÃO BRANCO";320;3779;158;4;3499;42;45;4;54;2710;20;35;10;292;429
"504";69639;"RIBEIRÃO CORRENTE";195;601;42;1;1403;5;11;0;146;397;4;16;0;85;121
"505";69655;"RIBEIRÃO DO SUL";232;908;20;0;1302;5;22;0;74;251;7;6;0;96;190
"506";69671;"RIBEIRÃO PIRES";8997;10139;729;56;33301;765;756;49;2753;4655;522;882;22;2312;5486
"507";69698;"RIBEIRÃO PRETO";38736;33410;3652;168;177963;3424;2236;106;16521;24288;2426;2142;63;9934;22836
"508";69710;"RIVERSUL";118;1076;32;1;1435;7;24;1;46;378;10;7;0;203;170
"509";69736;"RIFAINA";192;572;23;1;1452;14;3;2;128;279;4;55;0;74;143
"510";69752;"RINCÃO";446;1335;43;1;2237;22;23;7;165;819;16;23;1;210;483
"511";69779;"RINÓPOLIS";258;677;28;0;3285;17;29;0;152;867;15;25;0;151;373
"512";69795;"RIO CLARO";10748;9148;1486;35;68986;906;682;64;3939;8147;623;631;22;3450;7474
"513";69817;"RIO DAS PEDRAS";1316;2580;175;2;10966;159;89;14;472;1356;84;168;5;698;1255
"514";69833;"RIO GRANDE DA SERRA";3009;5573;441;24;10946;366;213;33;488;2120;227;541;5;1208;2384
"515";69850;"RIOLÂNDIA";168;1674;34;2;2133;8;10;0;49;697;9;26;1;130;290
"516";69876;"ROSEIRA";353;623;56;2;3615;39;56;0;196;1159;27;47;2;209;249
"517";69892;"RUBIÁCEA";70;363;8;0;817;4;16;2;24;301;1;17;0;48;92
"518";69914;"RUBINÉIA";132;381;36;1;1161;9;8;0;87;156;8;14;1;56;176
"519";69930;"SABINO";174;557;28;0;1752;16;14;1;77;291;4;18;0;118;314
"520";69957;"SAGRES";105;366;21;0;620;12;5;0;21;362;3;2;0;47;91
"521";69973;"SALES";127;379;38;1;2169;9;25;1;87;605;7;15;1;99;282
"522";69990;"SALES OLIVEIRA";508;728;66;1;3533;32;48;1;268;569;21;27;3;211;435
"523";70017;"SALESÓPOLIS";813;951;169;6;5382;80;53;8;476;2406;52;94;4;475;763
"524";70033;"SALMOURÃO";114;556;17;0;1383;4;12;1;31;673;2;19;0;112;215
"525";70050;"SALTO";5721;8909;690;30;38528;608;728;48;3330;4901;385;499;10;2051;4454
"526";70076;"SALTO DE PIRAPORA";1677;2989;265;8;11302;201;88;15;508;3710;161;86;5;1166;1838
"527";70092;"SALTO GRANDE";363;699;50;1;2354;20;52;1;104;764;7;31;0;174;374
"528";70114;"SANDOVALINA";149;1123;16;0;805;7;30;0;73;198;7;39;1;37;104
"529";70130;"SANTA ADÉLIA";472;946;76;0;4511;31;42;3;382;1006;11;41;5;279;586
"530";70157;"SANTA ALBERTINA";159;609;45;0;1963;5;23;0;141;495;3;6;2;92;209
"531";70173;"SANTA BÁRBARA D'OESTE";9280;12473;854;44;64931;878;1552;94;5291;5346;461;984;21;3551;7365
"532";70190;"ÁGUAS DE SANTA BÁRBARA";222;536;22;6;2067;19;33;1;93;388;10;10;0;109;230
"533";70211;"SANTA BRANCA";575;863;131;8;4729;80;40;7;306;1719;26;84;3;277;456
"534";70238;"SANTA CLARA D'OESTE";69;329;20;0;817;4;5;0;38;167;3;6;1;36;92
"535";70254;"SANTA CRUZ DA CONCEIÇÃO";207;300;36;1;1919;12;15;2;90;241;8;16;0;69;129
"536";70270;"SANTA CRUZ DAS PALMEIRAS";1037;2524;159;3;9334;102;57;12;357;1735;39;217;2;630;1123
"537";70297;"SANTA CRUZ DO RIO PARDO";2212;1657;212;9;16684;138;209;33;822;2327;76;91;7;925;1110
"538";70319;"SANTA ERNESTINA";356;837;38;0;1835;11;12;1;126;326;20;13;1;108;332
"539";70335;"SANTA FÉ DO SUL";1147;1957;294;1;10998;74;106;3;667;1388;39;149;3;588;1086
"540";70351;"SANTA GERTRUDES";1015;1617;156;6;8253;97;92;15;350;850;54;131;2;398;818
"541";70378;"SANTA ISABEL";2206;3311;473;21;16214;296;241;18;1032;4008;167;271;10;1214;2834
"542";70394;"SANTA LÚCIA";476;1317;59;4;2263;36;17;2;144;490;20;116;0;252;596
"543";70416;"SANTA MARIA DA SERRA";131;432;24;2;1733;18;10;0;35;389;4;13;2;139;279
"544";70432;"SANTA MERCEDES";96;428;19;2;881;5;27;1;34;218;3;14;0;49;138
"545";70459;"SANTANA DA PONTE PENSA";82;207;25;0;592;5;4;0;37;145;6;1;1;33;79
"546";70475;"SANTANA DE PARNAÍBA";6559;11335;658;17;32656;662;283;33;3786;6802;342;828;14;2100;3850
"547";70491;"SANTA RITA D'OESTE";80;342;19;1;890;8;4;0;89;192;11;10;1;55;150
"548";70513;"SANTA RITA DO PASSA QUATRO";1201;998;311;6;10143;82;102;7;440;1200;42;106;6;491;720
"549";70530;"SANTA ROSA DE VITERBO";1507;1573;212;4;6580;112;71;4;391;1763;63;106;4;573;1289
"550";70556;"SANTO ANASTÁCIO";937;2055;119;5;6073;58;79;4;245;915;88;85;1;426;795
"551";70572;"SANTO ANDRÉ";53104;70491;3951;227;212986;4251;3677;278;24855;26869;3791;5078;124;11000;30607
"552";70599;"SANTO ANTÔNIO DA ALEGRIA";356;829;152;1;1887;19;30;1;114;475;14;18;1;124;299
"553";70610;"SANTO ANTÔNIO DE POSSE";624;1457;84;5;7618;55;56;7;315;1371;28;72;4;514;594
"554";70637;"SANTO ANTÔNIO DO JARDIM";240;442;73;1;2182;20;12;3;180;640;10;10;1;168;203
"555";70653;"SANTO ANTÔNIO DO PINHAL";322;364;37;3;2103;31;22;2;185;1222;8;12;0;181;219
"556";70670;"SANTO EXPEDITO";100;483;40;3;987;7;10;0;20;238;5;3;0;66;115
"557";70696;"SANTÓPOLIS DO AGUAPEÍ";92;471;13;1;1361;7;17;3;76;285;3;9;1;100;180
"558";70718;"SANTOS";36543;25483;2081;141;136051;3287;2375;134;15680;20043;1972;2533;68;5042;11705
"559";70734;"SÃO BENTO DO SAPUCAÍ";475;404;41;1;3369;37;25;1;319;1716;24;24;0;177;334
"560";70750;"SÃO BERNARDO DO CAMPO";58195;107778;4007;283;207539;4482;2693;249;27865;26339;4252;7069;94;12512;34359
"561";70777;"SÃO CAETANO DO SUL";14892;9132;959;42;62018;980;777;37;9374;7967;733;612;28;1587;4436
"562";70793;"SÃO CARLOS";20266;16249;1330;143;67622;1523;1093;50;5093;11882;1511;927;43;5049;11633
"563";70815;"SÃO FRANCISCO";87;423;13;0;891;5;16;0;37;167;3;4;0;89;134
"564";70831;"SÃO JOÃO DA BOA VISTA";4199;4113;598;23;29996;366;291;28;2237;6105;179;212;16;1836;3158
"565";70858;"SÃO JOÃO DAS DUAS PONTES";134;463;21;0;706;9;13;0;49;148;10;14;0;68;136
"566";70874;"SÃO JOÃO DO PAU D'ALHO";107;432;13;0;683;7;12;1;29;179;7;10;0;42;102
"567";70890;"SÃO JOAQUIM DA BARRA";2062;4117;203;5;13472;169;114;12;851;3204;82;136;7;997;1605
"568";70912;"SÃO JOSÉ DA BELA VISTA";250;1313;26;0;2164;20;22;1;112;446;8;53;3;229;298
"569";70939;"SÃO JOSÉ DO BARREIRO";174;449;26;3;950;23;14;1;50;824;13;18;0;70;141
"570";70955;"SÃO JOSÉ DO RIO PARDO";2395;2850;391;4;17017;222;136;6;1138;3431;94;84;12;1325;1892
"571";70971;"SÃO JOSÉ DO RIO PRETO";22436;20502;2267;156;148364;1562;1983;99;11421;20334;1435;1491;63;7086;13360
"572";70998;"SÃO JOSÉ DOS CAMPOS";39134;41803;2679;481;231492;3821;2184;211;21744;37980;2307;2961;73;8782;16740
"573";71013;"SÃO LUÍS DO PARAITINGA";555;852;50;3;2954;67;38;0;143;2394;73;22;3;238;396
"574";71030;"SÃO MANUEL";2034;2034;282;7;12598;197;165;13;861;2483;82;130;9;1109;1911
"575";71056;"SÃO MIGUEL ARCANJO";1544;1984;215;2;8901;107;131;10;531;3538;96;101;5;618;1169
"576";71072;"SÃO PAULO";943576;1253162;83550;4443;2835930;94704;51168;4111;362403;558970;76953;90320;2676;226699;549021
"577";71099;"SÃO PEDRO";1381;1387;130;6;12594;116;128;16;573;1701;66;85;1;524;965
"578";71110;"SÃO PEDRO DO TURVO";234;978;34;0;2231;15;29;5;58;392;9;16;0;139;187
"579";71137;"SÃO ROQUE";4190;4200;519;20;21653;421;330;26;1936;6626;274;302;20;1843;2983
"580";71153;"SÃO SEBASTIÃO";4574;8528;356;13;20617;493;221;32;1304;4730;244;720;17;1308;2238
"581";71170;"SÃO SEBASTIÃO DA GRAMA";375;747;121;2;3074;18;31;4;179;1285;23;21;1;263;517
"582";71196;"SÃO SIMÃO";973;898;88;3;4895;57;55;3;208;952;52;40;3;267;559
"583";71218;"SÃO VICENTE";19295;28524;1597;77;93536;2684;1278;88;4889;18906;1095;3327;40;6181;11779
"584";71234;"SARAPUÍ";278;869;49;1;2450;17;22;1;106;995;24;19;0;216;353
"585";71250;"SARUTAIÁ";132;620;13;4;828;13;45;0;27;471;6;13;1;65;178
"586";71277;"SEBASTIANÓPOLIS DO SUL";68;236;22;0;1278;8;12;1;92;344;4;20;0;80;155
"587";71293;"SERRA AZUL";302;1327;76;0;2235;21;15;1;158;484;5;49;1;167;360
"588";71315;"SERRANA";2055;4471;270;10;11940;126;123;9;538;2574;86;147;3;920;1508
"589";71331;"SERRA NEGRA";1037;1222;95;3;10253;103;91;8;521;1822;51;29;2;406;796
"590";71358;"SERTÃOZINHO";6578;9274;740;18;34284;520;372;23;2791;5201;261;600;10;2657;4555
"591";71374;"SETE BARRAS";333;1411;168;1;3417;37;42;1;73;1061;11;51;1;186;364
"592";71390;"SEVERÍNIA";577;1452;73;2;4702;34;36;4;305;1409;19;56;2;390;554
"593";71412;"SILVEIRAS";272;611;35;1;1652;15;22;2;99;861;15;80;2;135;197
"594";71439;"SOCORRO";1390;1192;141;10;13791;94;119;12;1163;2169;87;79;4;536;1275
"595";71455;"SOROCABA";37604;45277;3807;159;213685;4079;3212;211;17806;29588;3425;2825;83;11585;29376
"596";71471;"SUD MENNUCCI";372;1143;34;0;2126;12;20;1;102;645;14;24;0;159;258
"597";71498;"SUMARÉ";12783;27614;1188;74;76545;1191;912;131;4388;6501;804;1597;23;4930;8934
"598";71510;"SUZANO";17740;24956;1953;88;79204;2501;1169;138;4381;14794;1252;2804;42;7283;13939
"599";71536;"TABAPUÃ";311;714;132;3;3863;26;25;7;472;665;12;32;0;326;626
"600";71552;"TABATINGA";435;1803;71;4;3939;25;44;4;252;851;19;63;6;411;605
"601";71579;"TABOÃO DA SERRA";21822;33885;2066;77;58880;2166;1874;92;6883;14019;2978;2790;61;6181;12335
"602";71595;"TACIBA";219;1153;22;0;1561;14;32;2;165;419;5;19;1;67;134
"603";71617;"TAGUAÍ";392;1147;55;2;3436;37;71;3;180;1179;17;19;1;208;274
"604";71633;"TAIAÇU";277;886;34;1;1475;16;14;1;64;353;8;24;1;187;220
"605";71650;"TAIÚVA";200;341;28;3;2028;12;10;1;151;397;8;12;0;125;145
"606";71676;"TAMBAÚ";1233;1376;238;7;5772;63;61;6;446;1989;52;80;3;441;776
"607";71692;"TANABI";1019;1578;118;11;9130;51;84;3;362;1499;84;65;7;440;746
"608";71714;"TAPIRAÍ";287;608;44;0;1897;32;23;1;137;1052;9;23;2;148;229
"609";71730;"TAPIRATIBA";701;1152;175;1;3332;34;31;1;279;1402;18;38;1;332;522
"610";71757;"TAQUARITINGA";2610;3997;340;7;15267;158;172;13;923;2679;82;120;11;1320;1474
"611";71773;"TAQUARITUBA";768;3000;65;1;5725;57;70;4;454;2422;45;52;2;618;760
"612";71790;"TARABAI";244;1324;35;1;1544;20;34;3;130;491;2;33;1;80;264
"613";71811;"TATUÍ";4666;4482;602;13;36404;459;542;25;1487;9383;231;290;10;2294;4148
"614";71838;"TAUBATÉ";14438;11385;1303;52;104822;1685;917;94;7668;20905;902;1219;41;4814;8342
"615";71854;"TEJUPÁ";125;798;13;2;1085;13;28;2;35;502;8;2;1;76;162
"616";71870;"TEODORO SAMPAIO";784;4023;89;9;4937;58;112;2;206;1341;37;140;2;300;631
"617";71897;"TERRA ROXA";308;827;63;0;2460;12;26;1;162;439;15;34;0;165;341
"618";71919;"TIETÊ";1653;1712;182;6;14044;150;180;11;941;2272;120;106;5;609;1291
"619";71935;"TIMBURI";77;257;16;1;819;11;15;1;57;378;3;2;1;44;155
"620";71951;"TORRINHA";385;494;55;3;3437;29;36;1;203;499;9;23;1;222;305
"621";71978;"TREMEMBÉ";1495;1684;182;3;12026;177;114;7;786;2906;92;138;2;562;890
"622";71994;"TRÊS FRONTEIRAS";197;621;35;0;1907;14;22;0;93;443;6;31;0;126;250
"623";72010;"TUPÃ";2119;3284;287;5;22817;237;329;16;1085;3650;134;253;5;974;1875
"624";72036;"TUPI PAULISTA";439;1325;42;3;4896;45;41;1;280;953;24;38;1;212;387
"625";72052;"TURIÚBA";119;140;5;0;726;0;5;0;41;133;3;8;0;24;73
"626";72079;"TURMALINA";98;316;22;0;604;4;10;1;37;148;5;6;0;44;125
"627";72095;"UBATUBA";3674;5942;277;11;27411;507;275;34;1281;6080;267;521;17;1517;2580
"628";72117;"UBIRAJARA";101;716;31;1;1661;12;18;0;67;311;4;16;0;89;117
"629";72133;"UCHOA";349;855;50;3;3278;24;40;2;212;727;15;25;2;233;429
"630";72150;"UNIÃO PAULISTA";32;289;11;1;588;6;4;1;16;142;2;11;1;24;49
"631";72176;"URÂNIA";221;796;24;1;2690;19;30;1;161;573;12;11;0;155;385
"632";72192;"URU";60;140;10;0;698;0;7;0;13;99;1;1;0;30;46
"633";72214;"URUPÊS";487;865;68;3;4471;34;36;1;311;933;22;24;3;281;542
"634";72230;"VALENTIM GENTIL";346;973;47;1;3833;19;28;1;182;970;19;36;1;259;438
"635";72257;"VALINHOS";7561;5973;564;25;40645;606;561;35;4287;3843;372;370;13;1758;3776
"636";72273;"VALPARAÍSO";556;2379;117;1;6360;39;54;2;197;806;19;141;0;331;484
"637";72311;"VARGEM GRANDE DO SUL";1220;1814;255;7;12435;87;96;14;923;4098;65;136;12;1187;1317
"638";72338;"VÁRZEA PAULISTA";4661;9716;596;23;33243;543;417;45;2151;4326;273;650;21;2197;5358
"639";72354;"VERA CRUZ";381;777;76;0;3489;42;33;3;124;789;17;36;4;183;327
"640";72370;"VINHEDO";4308;3617;352;49;28812;386;317;23;2752;2988;239;319;11;1173;2059
"641";72397;"VIRADOURO";570;1331;62;4;6206;36;39;6;267;756;11;72;1;411;626
"642";72419;"VISTA ALEGRE DO ALTO";255;753;35;3;2231;12;14;3;114;352;14;18;1;181;250
"643";72435;"VOTORANTIM";5084;9646;560;26;38441;660;441;55;2504;5403;696;519;10;2398;4851
"644";72451;"VOTUPORANGA";3652;5306;393;6;30292;242;344;20;1847;5185;162;310;6;1455;3195
"645";72737;"VARGEM GRANDE PAULISTA";3102;4759;345;11;13392;371;179;20;1151;3420;189;349;3;1143;1959
